{"_runtime":18.1792751,"_step":0,"train/learning_rate":2e-05,"_timestamp":1.7306569751857755e+09,"_wandb":{"runtime":26},"train/loss":2.7664,"train/global_step":1,"train/epoch":0.0003155569580309246,"train/grad_norm":1.9589375257492065}